Name,Description,geometry
Milpitas,"<html xmlns:fo=""http://www.w3.org/1999/XSL/Format"" xmlns:msxsl=""urn:schemas-microsoft-com:xslt""> <head> <META http-equiv=""Content-Type"" content=""text/html""> <meta http-equiv=""content-type"" content=""text/html; charset=UTF-8""> </head> <body style=""margin:0px 0px 0px 0px;overflow:auto;background:#FFFFFF;""> <table style=""font-family:Arial,Verdana,Times;font-size:12px;text-align:left;width:100%;border-collapse:collapse;padding:3px 3px 3px 3px""> <tr style=""text-align:center;font-weight:bold;background:#9CBCE2""> <td>Milpitas</td> </tr> <tr> <td> <table style=""font-family:Arial,Verdana,Times;font-size:12px;text-align:left;width:100%;border-spacing:0px; padding:3px 3px 3px 3px""> <tr> <td>Name</td> <td>Milpitas</td> </tr> <tr bgcolor=""#D4E4F3""> <td>Street</td> <td>S Milpitas Blvd</td> </tr> <tr> <td>City</td> <td>Milpitas</td> </tr> <tr bgcolor=""#D4E4F3""> <td>Public URL</td> <td><a target=""_blank"" href=""https://www.bart.gov/stations/mlpt"">https://www.bart.gov/stations/mlpt</a></td> </tr> </table> </td> </tr> </table> </body><script type=""text/javascript""> function changeImage(attElement, nameElement) { document.getElementById('imageAttachment').src = attElement; document.getElementById('imageName').innerHTML = nameElement;} </script></html>",POINT Z (-121.8910940840805 37.41028235996102 0)
Berryessa/North San José,"<html xmlns:fo=""http://www.w3.org/1999/XSL/Format"" xmlns:msxsl=""urn:schemas-microsoft-com:xslt""> <head> <META http-equiv=""Content-Type"" content=""text/html""> <meta http-equiv=""content-type"" content=""text/html; charset=UTF-8""> </head> <body style=""margin:0px 0px 0px 0px;overflow:auto;background:#FFFFFF;""> <table style=""font-family:Arial,Verdana,Times;font-size:12px;text-align:left;width:100%;border-collapse:collapse;padding:3px 3px 3px 3px""> <tr style=""text-align:center;font-weight:bold;background:#9CBCE2""> <td>Berryessa/North San José</td> </tr> <tr> <td> <table style=""font-family:Arial,Verdana,Times;font-size:12px;text-align:left;width:100%;border-spacing:0px; padding:3px 3px 3px 3px""> <tr> <td>Name</td> <td>Berryessa/North San José</td> </tr> <tr bgcolor=""#D4E4F3""> <td>Street</td> <td>1620 Berryessa Road</td> </tr> <tr> <td>City</td> <td>San José, CA 95133</td> </tr> <tr bgcolor=""#D4E4F3""> <td>Public URL</td> <td><a target=""_blank"" href=""https://www.bart.gov/stations/bery"">https://www.bart.gov/stations/bery</a></td> </tr> </table> </td> </tr> </table> </body><script type=""text/javascript""> function changeImage(attElement, nameElement) { document.getElementById('imageAttachment').src = attElement; document.getElementById('imageName').innerHTML = nameElement;} </script></html>",POINT Z (-121.87469384313 37.36847828910366 0)
Civic Center/UN Plaza,"<html xmlns:fo=""http://www.w3.org/1999/XSL/Format"" xmlns:msxsl=""urn:schemas-microsoft-com:xslt""> <head> <META http-equiv=""Content-Type"" content=""text/html""> <meta http-equiv=""content-type"" content=""text/html; charset=UTF-8""> </head> <body style=""margin:0px 0px 0px 0px;overflow:auto;background:#FFFFFF;""> <table style=""font-family:Arial,Verdana,Times;font-size:12px;text-align:left;width:100%;border-collapse:collapse;padding:3px 3px 3px 3px""> <tr style=""text-align:center;font-weight:bold;background:#9CBCE2""> <td>Civic Center/UN Plaza</td> </tr> <tr> <td> <table style=""font-family:Arial,Verdana,Times;font-size:12px;text-align:left;width:100%;border-spacing:0px; padding:3px 3px 3px 3px""> <tr> <td>Name</td> <td>Civic Center/UN Plaza</td> </tr> <tr bgcolor=""#D4E4F3""> <td>Street</td> <td>1150 Market Street</td> </tr> <tr> <td>City</td> <td>San Francisco</td> </tr> <tr bgcolor=""#D4E4F3""> <td>Public URL</td> <td><a target=""_blank"" href=""https://www.bart.gov/stations/civc"">https://www.bart.gov/stations/civc</a></td> </tr> </table> </td> </tr> </table> </body><script type=""text/javascript""> function changeImage(attElement, nameElement) { document.getElementById('imageAttachment').src = attElement; document.getElementById('imageName').innerHTML = nameElement;} </script></html>",POINT Z (-122.4139364152156 37.77939386076284 0)
Concord,"<html xmlns:fo=""http://www.w3.org/1999/XSL/Format"" xmlns:msxsl=""urn:schemas-microsoft-com:xslt""> <head> <META http-equiv=""Content-Type"" content=""text/html""> <meta http-equiv=""content-type"" content=""text/html; charset=UTF-8""> </head> <body style=""margin:0px 0px 0px 0px;overflow:auto;background:#FFFFFF;""> <table style=""font-family:Arial,Verdana,Times;font-size:12px;text-align:left;width:100%;border-collapse:collapse;padding:3px 3px 3px 3px""> <tr style=""text-align:center;font-weight:bold;background:#9CBCE2""> <td>Concord</td> </tr> <tr> <td> <table style=""font-family:Arial,Verdana,Times;font-size:12px;text-align:left;width:100%;border-spacing:0px; padding:3px 3px 3px 3px""> <tr> <td>Name</td> <td>Concord</td> </tr> <tr bgcolor=""#D4E4F3""> <td>Street</td> <td>1451 Oakland Ave</td> </tr> <tr> <td>City</td> <td>Concord</td> </tr> <tr bgcolor=""#D4E4F3""> <td>Public URL</td> <td><a target=""_blank"" href=""https://www.bart.gov/stations/conc"">https://www.bart.gov/stations/conc</a></td> </tr> </table> </td> </tr> </table> </body><script type=""text/javascript""> function changeImage(attElement, nameElement) { document.getElementById('imageAttachment').src = attElement; document.getElementById('imageName').innerHTML = nameElement;} </script></html>",POINT Z (-122.02906202247 37.97382498587113 0)
Colma,"<html xmlns:fo=""http://www.w3.org/1999/XSL/Format"" xmlns:msxsl=""urn:schemas-microsoft-com:xslt""> <head> <META http-equiv=""Content-Type"" content=""text/html""> <meta http-equiv=""content-type"" content=""text/html; charset=UTF-8""> </head> <body style=""margin:0px 0px 0px 0px;overflow:auto;background:#FFFFFF;""> <table style=""font-family:Arial,Verdana,Times;font-size:12px;text-align:left;width:100%;border-collapse:collapse;padding:3px 3px 3px 3px""> <tr style=""text-align:center;font-weight:bold;background:#9CBCE2""> <td>Colma</td> </tr> <tr> <td> <table style=""font-family:Arial,Verdana,Times;font-size:12px;text-align:left;width:100%;border-spacing:0px; padding:3px 3px 3px 3px""> <tr> <td>Name</td> <td>Colma</td> </tr> <tr bgcolor=""#D4E4F3""> <td>Street</td> <td>365 D Street</td> </tr> <tr> <td>City</td> <td>Colma</td> </tr> <tr bgcolor=""#D4E4F3""> <td>Public URL</td> <td><a target=""_blank"" href=""https://www.bart.gov/stations/colm"">https://www.bart.gov/stations/colm</a></td> </tr> </table> </td> </tr> </table> </body><script type=""text/javascript""> function changeImage(attElement, nameElement) { document.getElementById('imageAttachment').src = attElement; document.getElementById('imageName').innerHTML = nameElement;} </script></html>",POINT Z (-122.4662231559498 37.68462160749745 0)
El Cerrito Plaza,"<html xmlns:fo=""http://www.w3.org/1999/XSL/Format"" xmlns:msxsl=""urn:schemas-microsoft-com:xslt""> <head> <META http-equiv=""Content-Type"" content=""text/html""> <meta http-equiv=""content-type"" content=""text/html; charset=UTF-8""> </head> <body style=""margin:0px 0px 0px 0px;overflow:auto;background:#FFFFFF;""> <table style=""font-family:Arial,Verdana,Times;font-size:12px;text-align:left;width:100%;border-collapse:collapse;padding:3px 3px 3px 3px""> <tr style=""text-align:center;font-weight:bold;background:#9CBCE2""> <td>El Cerrito Plaza</td> </tr> <tr> <td> <table style=""font-family:Arial,Verdana,Times;font-size:12px;text-align:left;width:100%;border-spacing:0px; padding:3px 3px 3px 3px""> <tr> <td>Name</td> <td>El Cerrito Plaza</td> </tr> <tr bgcolor=""#D4E4F3""> <td>Street</td> <td>6699 Fairmount Ave</td> </tr> <tr> <td>City</td> <td>El Cerrito</td> </tr> <tr bgcolor=""#D4E4F3""> <td>Public URL</td> <td><a target=""_blank"" href=""https://www.bart.gov/stations/plza"">https://www.bart.gov/stations/plza</a></td> </tr> </table> </td> </tr> </table> </body><script type=""text/javascript""> function changeImage(attElement, nameElement) { document.getElementById('imageAttachment').src = attElement; document.getElementById('imageName').innerHTML = nameElement;} </script></html>",POINT Z (-122.2989484071958 37.90263522650319 0)
Daly City,"<html xmlns:fo=""http://www.w3.org/1999/XSL/Format"" xmlns:msxsl=""urn:schemas-microsoft-com:xslt""> <head> <META http-equiv=""Content-Type"" content=""text/html""> <meta http-equiv=""content-type"" content=""text/html; charset=UTF-8""> </head> <body style=""margin:0px 0px 0px 0px;overflow:auto;background:#FFFFFF;""> <table style=""font-family:Arial,Verdana,Times;font-size:12px;text-align:left;width:100%;border-collapse:collapse;padding:3px 3px 3px 3px""> <tr style=""text-align:center;font-weight:bold;background:#9CBCE2""> <td>Daly City</td> </tr> <tr> <td> <table style=""font-family:Arial,Verdana,Times;font-size:12px;text-align:left;width:100%;border-spacing:0px; padding:3px 3px 3px 3px""> <tr> <td>Name</td> <td>Daly City</td> </tr> <tr bgcolor=""#D4E4F3""> <td>Street</td> <td>500 John Daly Boulevard</td> </tr> <tr> <td>City</td> <td>Daly City</td> </tr> <tr bgcolor=""#D4E4F3""> <td>Public URL</td> <td><a target=""_blank"" href=""https://www.bart.gov/stations/daly"">https://www.bart.gov/stations/daly</a></td> </tr> </table> </td> </tr> </table> </body><script type=""text/javascript""> function changeImage(attElement, nameElement) { document.getElementById('imageAttachment').src = attElement; document.getElementById('imageName').innerHTML = nameElement;} </script></html>",POINT Z (-122.4689119071664 37.70633321337757 0)
North Concord/Martinez,"<html xmlns:fo=""http://www.w3.org/1999/XSL/Format"" xmlns:msxsl=""urn:schemas-microsoft-com:xslt""> <head> <META http-equiv=""Content-Type"" content=""text/html""> <meta http-equiv=""content-type"" content=""text/html; charset=UTF-8""> </head> <body style=""margin:0px 0px 0px 0px;overflow:auto;background:#FFFFFF;""> <table style=""font-family:Arial,Verdana,Times;font-size:12px;text-align:left;width:100%;border-collapse:collapse;padding:3px 3px 3px 3px""> <tr style=""text-align:center;font-weight:bold;background:#9CBCE2""> <td>North Concord/Martinez</td> </tr> <tr> <td> <table style=""font-family:Arial,Verdana,Times;font-size:12px;text-align:left;width:100%;border-spacing:0px; padding:3px 3px 3px 3px""> <tr> <td>Name</td> <td>North Concord/Martinez</td> </tr> <tr bgcolor=""#D4E4F3""> <td>Street</td> <td>3700 Port Chicago Highway</td> </tr> <tr> <td>City</td> <td>Concord</td> </tr> <tr bgcolor=""#D4E4F3""> <td>Public URL</td> <td><a target=""_blank"" href=""https://www.bart.gov/stations/ncon"">https://www.bart.gov/stations/ncon</a></td> </tr> </table> </td> </tr> </table> </body><script type=""text/javascript""> function changeImage(attElement, nameElement) { document.getElementById('imageAttachment').src = attElement; document.getElementById('imageName').innerHTML = nameElement;} </script></html>",POINT Z (-122.024552314249 38.00332451679773 0)
Fremont,"<html xmlns:fo=""http://www.w3.org/1999/XSL/Format"" xmlns:msxsl=""urn:schemas-microsoft-com:xslt""> <head> <META http-equiv=""Content-Type"" content=""text/html""> <meta http-equiv=""content-type"" content=""text/html; charset=UTF-8""> </head> <body style=""margin:0px 0px 0px 0px;overflow:auto;background:#FFFFFF;""> <table style=""font-family:Arial,Verdana,Times;font-size:12px;text-align:left;width:100%;border-collapse:collapse;padding:3px 3px 3px 3px""> <tr style=""text-align:center;font-weight:bold;background:#9CBCE2""> <td>Fremont</td> </tr> <tr> <td> <table style=""font-family:Arial,Verdana,Times;font-size:12px;text-align:left;width:100%;border-spacing:0px; padding:3px 3px 3px 3px""> <tr> <td>Name</td> <td>Fremont</td> </tr> <tr bgcolor=""#D4E4F3""> <td>Street</td> <td>2000 Bart Way</td> </tr> <tr> <td>City</td> <td>Fremont</td> </tr> <tr bgcolor=""#D4E4F3""> <td>Public URL</td> <td><a target=""_blank"" href=""https://www.bart.gov/stations/frmt"">https://www.bart.gov/stations/frmt</a></td> </tr> </table> </td> </tr> </table> </body><script type=""text/javascript""> function changeImage(attElement, nameElement) { document.getElementById('imageAttachment').src = attElement; document.getElementById('imageName').innerHTML = nameElement;} </script></html>",POINT Z (-121.976626395132 37.55747442735048 0)
Glen Park,"<html xmlns:fo=""http://www.w3.org/1999/XSL/Format"" xmlns:msxsl=""urn:schemas-microsoft-com:xslt""> <head> <META http-equiv=""Content-Type"" content=""text/html""> <meta http-equiv=""content-type"" content=""text/html; charset=UTF-8""> </head> <body style=""margin:0px 0px 0px 0px;overflow:auto;background:#FFFFFF;""> <table style=""font-family:Arial,Verdana,Times;font-size:12px;text-align:left;width:100%;border-collapse:collapse;padding:3px 3px 3px 3px""> <tr style=""text-align:center;font-weight:bold;background:#9CBCE2""> <td>Glen Park</td> </tr> <tr> <td> <table style=""font-family:Arial,Verdana,Times;font-size:12px;text-align:left;width:100%;border-spacing:0px; padding:3px 3px 3px 3px""> <tr> <td>Name</td> <td>Glen Park</td> </tr> <tr bgcolor=""#D4E4F3""> <td>Street</td> <td>2901 Diamond St</td> </tr> <tr> <td>City</td> <td>San Francisco</td> </tr> <tr bgcolor=""#D4E4F3""> <td>Public URL</td> <td><a target=""_blank"" href=""https://www.bart.gov/stations/glen"">https://www.bart.gov/stations/glen</a></td> </tr> </table> </td> </tr> </table> </body><script type=""text/javascript""> function changeImage(attElement, nameElement) { document.getElementById('imageAttachment').src = attElement; document.getElementById('imageName').innerHTML = nameElement;} </script></html>",POINT Z (-122.4337900883829 37.73311239451952 0)
Hayward,"<html xmlns:fo=""http://www.w3.org/1999/XSL/Format"" xmlns:msxsl=""urn:schemas-microsoft-com:xslt""> <head> <META http-equiv=""Content-Type"" content=""text/html""> <meta http-equiv=""content-type"" content=""text/html; charset=UTF-8""> </head> <body style=""margin:0px 0px 0px 0px;overflow:auto;background:#FFFFFF;""> <table style=""font-family:Arial,Verdana,Times;font-size:12px;text-align:left;width:100%;border-collapse:collapse;padding:3px 3px 3px 3px""> <tr style=""text-align:center;font-weight:bold;background:#9CBCE2""> <td>Hayward</td> </tr> <tr> <td> <table style=""font-family:Arial,Verdana,Times;font-size:12px;text-align:left;width:100%;border-spacing:0px; padding:3px 3px 3px 3px""> <tr> <td>Name</td> <td>Hayward</td> </tr> <tr bgcolor=""#D4E4F3""> <td>Street</td> <td>699 B Street</td> </tr> <tr> <td>City</td> <td>Hayward</td> </tr> <tr bgcolor=""#D4E4F3""> <td>Public URL</td> <td><a target=""_blank"" href=""https://www.bart.gov/stations/hayw"">https://www.bart.gov/stations/hayw</a></td> </tr> </table> </td> </tr> </table> </body><script type=""text/javascript""> function changeImage(attElement, nameElement) { document.getElementById('imageAttachment').src = attElement; document.getElementById('imageName').innerHTML = nameElement;} </script></html>",POINT Z (-122.0869599532777 37.66969738355481 0)
El Cerrito del Norte,"<html xmlns:fo=""http://www.w3.org/1999/XSL/Format"" xmlns:msxsl=""urn:schemas-microsoft-com:xslt""> <head> <META http-equiv=""Content-Type"" content=""text/html""> <meta http-equiv=""content-type"" content=""text/html; charset=UTF-8""> </head> <body style=""margin:0px 0px 0px 0px;overflow:auto;background:#FFFFFF;""> <table style=""font-family:Arial,Verdana,Times;font-size:12px;text-align:left;width:100%;border-collapse:collapse;padding:3px 3px 3px 3px""> <tr style=""text-align:center;font-weight:bold;background:#9CBCE2""> <td>El Cerrito del Norte</td> </tr> <tr> <td> <table style=""font-family:Arial,Verdana,Times;font-size:12px;text-align:left;width:100%;border-spacing:0px; padding:3px 3px 3px 3px""> <tr> <td>Name</td> <td>El Cerrito del Norte</td> </tr> <tr bgcolor=""#D4E4F3""> <td>Street</td> <td>6400 Cutting Boulevard</td> </tr> <tr> <td>City</td> <td>El Cerrito</td> </tr> <tr bgcolor=""#D4E4F3""> <td>Public URL</td> <td><a target=""_blank"" href=""https://www.bart.gov/stations/deln"">https://www.bart.gov/stations/deln</a></td> </tr> </table> </td> </tr> </table> </body><script type=""text/javascript""> function changeImage(attElement, nameElement) { document.getElementById('imageAttachment').src = attElement; document.getElementById('imageName').innerHTML = nameElement;} </script></html>",POINT Z (-122.3169151214356 37.92519241672753 0)
Coliseum,"<html xmlns:fo=""http://www.w3.org/1999/XSL/Format"" xmlns:msxsl=""urn:schemas-microsoft-com:xslt""> <head> <META http-equiv=""Content-Type"" content=""text/html""> <meta http-equiv=""content-type"" content=""text/html; charset=UTF-8""> </head> <body style=""margin:0px 0px 0px 0px;overflow:auto;background:#FFFFFF;""> <table style=""font-family:Arial,Verdana,Times;font-size:12px;text-align:left;width:100%;border-collapse:collapse;padding:3px 3px 3px 3px""> <tr style=""text-align:center;font-weight:bold;background:#9CBCE2""> <td>Coliseum</td> </tr> <tr> <td> <table style=""font-family:Arial,Verdana,Times;font-size:12px;text-align:left;width:100%;border-spacing:0px; padding:3px 3px 3px 3px""> <tr> <td>Name</td> <td>Coliseum</td> </tr> <tr bgcolor=""#D4E4F3""> <td>Street</td> <td>7200 San Leandro Street</td> </tr> <tr> <td>City</td> <td>Oakland</td> </tr> <tr bgcolor=""#D4E4F3""> <td>Public URL</td> <td><a target=""_blank"" href=""https://www.bart.gov/stations/cols"">https://www.bart.gov/stations/cols</a></td> </tr> </table> </td> </tr> </table> </body><script type=""text/javascript""> function changeImage(attElement, nameElement) { document.getElementById('imageAttachment').src = attElement; document.getElementById('imageName').innerHTML = nameElement;} </script></html>",POINT Z (-122.1968592134025 37.75368874735477 0)
Downtown Berkeley,"<html xmlns:fo=""http://www.w3.org/1999/XSL/Format"" xmlns:msxsl=""urn:schemas-microsoft-com:xslt""> <head> <META http-equiv=""Content-Type"" content=""text/html""> <meta http-equiv=""content-type"" content=""text/html; charset=UTF-8""> </head> <body style=""margin:0px 0px 0px 0px;overflow:auto;background:#FFFFFF;""> <table style=""font-family:Arial,Verdana,Times;font-size:12px;text-align:left;width:100%;border-collapse:collapse;padding:3px 3px 3px 3px""> <tr style=""text-align:center;font-weight:bold;background:#9CBCE2""> <td>Downtown Berkeley</td> </tr> <tr> <td> <table style=""font-family:Arial,Verdana,Times;font-size:12px;text-align:left;width:100%;border-spacing:0px; padding:3px 3px 3px 3px""> <tr> <td>Name</td> <td>Downtown Berkeley</td> </tr> <tr bgcolor=""#D4E4F3""> <td>Street</td> <td>2160 Shattuck Ave</td> </tr> <tr> <td>City</td> <td>Berkeley</td> </tr> <tr bgcolor=""#D4E4F3""> <td>Public URL</td> <td><a target=""_blank"" href=""https://www.bart.gov/stations/dbrk"">https://www.bart.gov/stations/dbrk</a></td> </tr> </table> </td> </tr> </table> </body><script type=""text/javascript""> function changeImage(attElement, nameElement) { document.getElementById('imageAttachment').src = attElement; document.getElementById('imageName').innerHTML = nameElement;} </script></html>",POINT Z (-122.2681588195892 37.87031611248491 0)
Bay Fair,"<html xmlns:fo=""http://www.w3.org/1999/XSL/Format"" xmlns:msxsl=""urn:schemas-microsoft-com:xslt""> <head> <META http-equiv=""Content-Type"" content=""text/html""> <meta http-equiv=""content-type"" content=""text/html; charset=UTF-8""> </head> <body style=""margin:0px 0px 0px 0px;overflow:auto;background:#FFFFFF;""> <table style=""font-family:Arial,Verdana,Times;font-size:12px;text-align:left;width:100%;border-collapse:collapse;padding:3px 3px 3px 3px""> <tr style=""text-align:center;font-weight:bold;background:#9CBCE2""> <td>Bay Fair</td> </tr> <tr> <td> <table style=""font-family:Arial,Verdana,Times;font-size:12px;text-align:left;width:100%;border-spacing:0px; padding:3px 3px 3px 3px""> <tr> <td>Name</td> <td>Bay Fair</td> </tr> <tr bgcolor=""#D4E4F3""> <td>Street</td> <td>15242 Hesperian Boulevard</td> </tr> <tr> <td>City</td> <td>San Leandro</td> </tr> <tr bgcolor=""#D4E4F3""> <td>Public URL</td> <td><a target=""_blank"" href=""https://www.bart.gov/stations/bayf"">https://www.bart.gov/stations/bayf</a></td> </tr> </table> </td> </tr> </table> </body><script type=""text/javascript""> function changeImage(attElement, nameElement) { document.getElementById('imageAttachment').src = attElement; document.getElementById('imageName').innerHTML = nameElement;} </script></html>",POINT Z (-122.1264596293895 37.69691620335449 0)
Balboa Park,"<html xmlns:fo=""http://www.w3.org/1999/XSL/Format"" xmlns:msxsl=""urn:schemas-microsoft-com:xslt""> <head> <META http-equiv=""Content-Type"" content=""text/html""> <meta http-equiv=""content-type"" content=""text/html; charset=UTF-8""> </head> <body style=""margin:0px 0px 0px 0px;overflow:auto;background:#FFFFFF;""> <table style=""font-family:Arial,Verdana,Times;font-size:12px;text-align:left;width:100%;border-collapse:collapse;padding:3px 3px 3px 3px""> <tr style=""text-align:center;font-weight:bold;background:#9CBCE2""> <td>Balboa Park</td> </tr> <tr> <td> <table style=""font-family:Arial,Verdana,Times;font-size:12px;text-align:left;width:100%;border-spacing:0px; padding:3px 3px 3px 3px""> <tr> <td>Name</td> <td>Balboa Park</td> </tr> <tr bgcolor=""#D4E4F3""> <td>Street</td> <td>401 Geneva Ave</td> </tr> <tr> <td>City</td> <td>San Francisco</td> </tr> <tr bgcolor=""#D4E4F3""> <td>Public URL</td> <td><a target=""_blank"" href=""https://www.bart.gov/stations/balb"">https://www.bart.gov/stations/balb</a></td> </tr> </table> </td> </tr> </table> </body><script type=""text/javascript""> function changeImage(attElement, nameElement) { document.getElementById('imageAttachment').src = attElement; document.getElementById('imageName').innerHTML = nameElement;} </script></html>",POINT Z (-122.4475873574919 37.72135058802738 0)
San Bruno,"<html xmlns:fo=""http://www.w3.org/1999/XSL/Format"" xmlns:msxsl=""urn:schemas-microsoft-com:xslt""> <head> <META http-equiv=""Content-Type"" content=""text/html""> <meta http-equiv=""content-type"" content=""text/html; charset=UTF-8""> </head> <body style=""margin:0px 0px 0px 0px;overflow:auto;background:#FFFFFF;""> <table style=""font-family:Arial,Verdana,Times;font-size:12px;text-align:left;width:100%;border-collapse:collapse;padding:3px 3px 3px 3px""> <tr style=""text-align:center;font-weight:bold;background:#9CBCE2""> <td>San Bruno</td> </tr> <tr> <td> <table style=""font-family:Arial,Verdana,Times;font-size:12px;text-align:left;width:100%;border-spacing:0px; padding:3px 3px 3px 3px""> <tr> <td>Name</td> <td>San Bruno</td> </tr> <tr bgcolor=""#D4E4F3""> <td>Street</td> <td>1151 Huntington Ave</td> </tr> <tr> <td>City</td> <td>San Bruno</td> </tr> <tr bgcolor=""#D4E4F3""> <td>Public URL</td> <td><a target=""_blank"" href=""https://www.bart.gov/stations/sbrn"">https://www.bart.gov/stations/sbrn</a></td> </tr> </table> </td> </tr> </table> </body><script type=""text/javascript""> function changeImage(attElement, nameElement) { document.getElementById('imageAttachment').src = attElement; document.getElementById('imageName').innerHTML = nameElement;} </script></html>",POINT Z (-122.4162666630641 37.63770374268253 0)
South Hayward,"<html xmlns:fo=""http://www.w3.org/1999/XSL/Format"" xmlns:msxsl=""urn:schemas-microsoft-com:xslt""> <head> <META http-equiv=""Content-Type"" content=""text/html""> <meta http-equiv=""content-type"" content=""text/html; charset=UTF-8""> </head> <body style=""margin:0px 0px 0px 0px;overflow:auto;background:#FFFFFF;""> <table style=""font-family:Arial,Verdana,Times;font-size:12px;text-align:left;width:100%;border-collapse:collapse;padding:3px 3px 3px 3px""> <tr style=""text-align:center;font-weight:bold;background:#9CBCE2""> <td>South Hayward</td> </tr> <tr> <td> <table style=""font-family:Arial,Verdana,Times;font-size:12px;text-align:left;width:100%;border-spacing:0px; padding:3px 3px 3px 3px""> <tr> <td>Name</td> <td>South Hayward</td> </tr> <tr bgcolor=""#D4E4F3""> <td>Street</td> <td>28601 Dixon Street</td> </tr> <tr> <td>City</td> <td>Hayward</td> </tr> <tr bgcolor=""#D4E4F3""> <td>Public URL</td> <td><a target=""_blank"" href=""https://www.bart.gov/stations/shay"">https://www.bart.gov/stations/shay</a></td> </tr> </table> </td> </tr> </table> </body><script type=""text/javascript""> function changeImage(attElement, nameElement) { document.getElementById('imageAttachment').src = attElement; document.getElementById('imageName').innerHTML = nameElement;} </script></html>",POINT Z (-122.0571973085168 37.63435057014369 0)
Walnut Creek,"<html xmlns:fo=""http://www.w3.org/1999/XSL/Format"" xmlns:msxsl=""urn:schemas-microsoft-com:xslt""> <head> <META http-equiv=""Content-Type"" content=""text/html""> <meta http-equiv=""content-type"" content=""text/html; charset=UTF-8""> </head> <body style=""margin:0px 0px 0px 0px;overflow:auto;background:#FFFFFF;""> <table style=""font-family:Arial,Verdana,Times;font-size:12px;text-align:left;width:100%;border-collapse:collapse;padding:3px 3px 3px 3px""> <tr style=""text-align:center;font-weight:bold;background:#9CBCE2""> <td>Walnut Creek</td> </tr> <tr> <td> <table style=""font-family:Arial,Verdana,Times;font-size:12px;text-align:left;width:100%;border-spacing:0px; padding:3px 3px 3px 3px""> <tr> <td>Name</td> <td>Walnut Creek</td> </tr> <tr bgcolor=""#D4E4F3""> <td>Street</td> <td>200 Ygnacio Valley Road</td> </tr> <tr> <td>City</td> <td>Walnut Creek</td> </tr> <tr bgcolor=""#D4E4F3""> <td>Public URL</td> <td><a target=""_blank"" href=""https://www.bart.gov/stations/wcrk"">https://www.bart.gov/stations/wcrk</a></td> </tr> </table> </td> </tr> </table> </body><script type=""text/javascript""> function changeImage(attElement, nameElement) { document.getElementById('imageAttachment').src = attElement; document.getElementById('imageName').innerHTML = nameElement;} </script></html>",POINT Z (-122.0673293828924 37.90581393318735 0)
North Berkeley,"<html xmlns:fo=""http://www.w3.org/1999/XSL/Format"" xmlns:msxsl=""urn:schemas-microsoft-com:xslt""> <head> <META http-equiv=""Content-Type"" content=""text/html""> <meta http-equiv=""content-type"" content=""text/html; charset=UTF-8""> </head> <body style=""margin:0px 0px 0px 0px;overflow:auto;background:#FFFFFF;""> <table style=""font-family:Arial,Verdana,Times;font-size:12px;text-align:left;width:100%;border-collapse:collapse;padding:3px 3px 3px 3px""> <tr style=""text-align:center;font-weight:bold;background:#9CBCE2""> <td>North Berkeley</td> </tr> <tr> <td> <table style=""font-family:Arial,Verdana,Times;font-size:12px;text-align:left;width:100%;border-spacing:0px; padding:3px 3px 3px 3px""> <tr> <td>Name</td> <td>North Berkeley</td> </tr> <tr bgcolor=""#D4E4F3""> <td>Street</td> <td>1750 Sacramento St</td> </tr> <tr> <td>City</td> <td>Berkeley</td> </tr> <tr bgcolor=""#D4E4F3""> <td>Public URL</td> <td><a target=""_blank"" href=""https://www.bart.gov/stations/nbrk"">https://www.bart.gov/stations/nbrk</a></td> </tr> </table> </td> </tr> </table> </body><script type=""text/javascript""> function changeImage(attElement, nameElement) { document.getElementById('imageAttachment').src = attElement; document.getElementById('imageName').innerHTML = nameElement;} </script></html>",POINT Z (-122.2834337151097 37.87397422674051 0)
Orinda,"<html xmlns:fo=""http://www.w3.org/1999/XSL/Format"" xmlns:msxsl=""urn:schemas-microsoft-com:xslt""> <head> <META http-equiv=""Content-Type"" content=""text/html""> <meta http-equiv=""content-type"" content=""text/html; charset=UTF-8""> </head> <body style=""margin:0px 0px 0px 0px;overflow:auto;background:#FFFFFF;""> <table style=""font-family:Arial,Verdana,Times;font-size:12px;text-align:left;width:100%;border-collapse:collapse;padding:3px 3px 3px 3px""> <tr style=""text-align:center;font-weight:bold;background:#9CBCE2""> <td>Orinda</td> </tr> <tr> <td> <table style=""font-family:Arial,Verdana,Times;font-size:12px;text-align:left;width:100%;border-spacing:0px; padding:3px 3px 3px 3px""> <tr> <td>Name</td> <td>Orinda</td> </tr> <tr bgcolor=""#D4E4F3""> <td>Street</td> <td>11 Camino Pablo</td> </tr> <tr> <td>City</td> <td>Orinda</td> </tr> <tr bgcolor=""#D4E4F3""> <td>Public URL</td> <td><a target=""_blank"" href=""https://www.bart.gov/stations/orin"">https://www.bart.gov/stations/orin</a></td> </tr> </table> </td> </tr> </table> </body><script type=""text/javascript""> function changeImage(attElement, nameElement) { document.getElementById('imageAttachment').src = attElement; document.getElementById('imageName').innerHTML = nameElement;} </script></html>",POINT Z (-122.1837536902055 37.87843136876595 0)
West Oakland,"<html xmlns:fo=""http://www.w3.org/1999/XSL/Format"" xmlns:msxsl=""urn:schemas-microsoft-com:xslt""> <head> <META http-equiv=""Content-Type"" content=""text/html""> <meta http-equiv=""content-type"" content=""text/html; charset=UTF-8""> </head> <body style=""margin:0px 0px 0px 0px;overflow:auto;background:#FFFFFF;""> <table style=""font-family:Arial,Verdana,Times;font-size:12px;text-align:left;width:100%;border-collapse:collapse;padding:3px 3px 3px 3px""> <tr style=""text-align:center;font-weight:bold;background:#9CBCE2""> <td>West Oakland</td> </tr> <tr> <td> <table style=""font-family:Arial,Verdana,Times;font-size:12px;text-align:left;width:100%;border-spacing:0px; padding:3px 3px 3px 3px""> <tr> <td>Name</td> <td>West Oakland</td> </tr> <tr bgcolor=""#D4E4F3""> <td>Street</td> <td>1451 7th Street</td> </tr> <tr> <td>City</td> <td>Oakland</td> </tr> <tr bgcolor=""#D4E4F3""> <td>Public URL</td> <td><a target=""_blank"" href=""https://www.bart.gov/stations/woak"">https://www.bart.gov/stations/woak</a></td> </tr> </table> </td> </tr> </table> </body><script type=""text/javascript""> function changeImage(attElement, nameElement) { document.getElementById('imageAttachment').src = attElement; document.getElementById('imageName').innerHTML = nameElement;} </script></html>",POINT Z (-122.2951608275967 37.80488709440733 0)
San Leandro,"<html xmlns:fo=""http://www.w3.org/1999/XSL/Format"" xmlns:msxsl=""urn:schemas-microsoft-com:xslt""> <head> <META http-equiv=""Content-Type"" content=""text/html""> <meta http-equiv=""content-type"" content=""text/html; charset=UTF-8""> </head> <body style=""margin:0px 0px 0px 0px;overflow:auto;background:#FFFFFF;""> <table style=""font-family:Arial,Verdana,Times;font-size:12px;text-align:left;width:100%;border-collapse:collapse;padding:3px 3px 3px 3px""> <tr style=""text-align:center;font-weight:bold;background:#9CBCE2""> <td>San Leandro</td> </tr> <tr> <td> <table style=""font-family:Arial,Verdana,Times;font-size:12px;text-align:left;width:100%;border-spacing:0px; padding:3px 3px 3px 3px""> <tr> <td>Name</td> <td>San Leandro</td> </tr> <tr bgcolor=""#D4E4F3""> <td>Street</td> <td>1401 San Leandro Blvd</td> </tr> <tr> <td>City</td> <td>San Leandro</td> </tr> <tr bgcolor=""#D4E4F3""> <td>Public URL</td> <td><a target=""_blank"" href=""https://www.bart.gov/stations/sanl"">https://www.bart.gov/stations/sanl</a></td> </tr> </table> </td> </tr> </table> </body><script type=""text/javascript""> function changeImage(attElement, nameElement) { document.getElementById('imageAttachment').src = attElement; document.getElementById('imageName').innerHTML = nameElement;} </script></html>",POINT Z (-122.1607506968879 37.72178541354243 0)
16th St/Mission,"<html xmlns:fo=""http://www.w3.org/1999/XSL/Format"" xmlns:msxsl=""urn:schemas-microsoft-com:xslt""> <head> <META http-equiv=""Content-Type"" content=""text/html""> <meta http-equiv=""content-type"" content=""text/html; charset=UTF-8""> </head> <body style=""margin:0px 0px 0px 0px;overflow:auto;background:#FFFFFF;""> <table style=""font-family:Arial,Verdana,Times;font-size:12px;text-align:left;width:100%;border-collapse:collapse;padding:3px 3px 3px 3px""> <tr style=""text-align:center;font-weight:bold;background:#9CBCE2""> <td>16th St/Mission</td> </tr> <tr> <td> <table style=""font-family:Arial,Verdana,Times;font-size:12px;text-align:left;width:100%;border-spacing:0px; padding:3px 3px 3px 3px""> <tr> <td>Name</td> <td>16th St/Mission</td> </tr> <tr bgcolor=""#D4E4F3""> <td>Street</td> <td>2000 Mission St</td> </tr> <tr> <td>City</td> <td>San Francisco</td> </tr> <tr bgcolor=""#D4E4F3""> <td>Public URL</td> <td><a target=""_blank"" href=""https://www.bart.gov/stations/16th"">https://www.bart.gov/stations/16th</a></td> </tr> </table> </td> </tr> </table> </body><script type=""text/javascript""> function changeImage(attElement, nameElement) { document.getElementById('imageAttachment').src = attElement; document.getElementById('imageName').innerHTML = nameElement;} </script></html>",POINT Z (-122.4197081435103 37.76505423932072 0)
24th St/Mission,"<html xmlns:fo=""http://www.w3.org/1999/XSL/Format"" xmlns:msxsl=""urn:schemas-microsoft-com:xslt""> <head> <META http-equiv=""Content-Type"" content=""text/html""> <meta http-equiv=""content-type"" content=""text/html; charset=UTF-8""> </head> <body style=""margin:0px 0px 0px 0px;overflow:auto;background:#FFFFFF;""> <table style=""font-family:Arial,Verdana,Times;font-size:12px;text-align:left;width:100%;border-collapse:collapse;padding:3px 3px 3px 3px""> <tr style=""text-align:center;font-weight:bold;background:#9CBCE2""> <td>24th St/Mission</td> </tr> <tr> <td> <table style=""font-family:Arial,Verdana,Times;font-size:12px;text-align:left;width:100%;border-spacing:0px; padding:3px 3px 3px 3px""> <tr> <td>Name</td> <td>24th St/Mission</td> </tr> <tr bgcolor=""#D4E4F3""> <td>Street</td> <td>2800 Mission St</td> </tr> <tr> <td>City</td> <td>San Francisco</td> </tr> <tr bgcolor=""#D4E4F3""> <td>Public URL</td> <td><a target=""_blank"" href=""https://www.bart.gov/stations/24th"">https://www.bart.gov/stations/24th</a></td> </tr> </table> </td> </tr> </table> </body><script type=""text/javascript""> function changeImage(attElement, nameElement) { document.getElementById('imageAttachment').src = attElement; document.getElementById('imageName').innerHTML = nameElement;} </script></html>",POINT Z (-122.4184678760468 37.75223145165559 0)
12th St/Oakland City Center,"<html xmlns:fo=""http://www.w3.org/1999/XSL/Format"" xmlns:msxsl=""urn:schemas-microsoft-com:xslt""> <head> <META http-equiv=""Content-Type"" content=""text/html""> <meta http-equiv=""content-type"" content=""text/html; charset=UTF-8""> </head> <body style=""margin:0px 0px 0px 0px;overflow:auto;background:#FFFFFF;""> <table style=""font-family:Arial,Verdana,Times;font-size:12px;text-align:left;width:100%;border-collapse:collapse;padding:3px 3px 3px 3px""> <tr style=""text-align:center;font-weight:bold;background:#9CBCE2""> <td>12th St/Oakland City Center</td> </tr> <tr> <td> <table style=""font-family:Arial,Verdana,Times;font-size:12px;text-align:left;width:100%;border-spacing:0px; padding:3px 3px 3px 3px""> <tr> <td>Name</td> <td>12th St/Oakland City Center</td> </tr> <tr bgcolor=""#D4E4F3""> <td>Street</td> <td>1245 Broadway</td> </tr> <tr> <td>City</td> <td>Oakland</td> </tr> <tr bgcolor=""#D4E4F3""> <td>Public URL</td> <td><a target=""_blank"" href=""https://www.bart.gov/stations/12th"">https://www.bart.gov/stations/12th</a></td> </tr> </table> </td> </tr> </table> </body><script type=""text/javascript""> function changeImage(attElement, nameElement) { document.getElementById('imageAttachment').src = attElement; document.getElementById('imageName').innerHTML = nameElement;} </script></html>",POINT Z (-122.2716760457217 37.80359016475848 0)
Union City,"<html xmlns:fo=""http://www.w3.org/1999/XSL/Format"" xmlns:msxsl=""urn:schemas-microsoft-com:xslt""> <head> <META http-equiv=""Content-Type"" content=""text/html""> <meta http-equiv=""content-type"" content=""text/html; charset=UTF-8""> </head> <body style=""margin:0px 0px 0px 0px;overflow:auto;background:#FFFFFF;""> <table style=""font-family:Arial,Verdana,Times;font-size:12px;text-align:left;width:100%;border-collapse:collapse;padding:3px 3px 3px 3px""> <tr style=""text-align:center;font-weight:bold;background:#9CBCE2""> <td>Union City</td> </tr> <tr> <td> <table style=""font-family:Arial,Verdana,Times;font-size:12px;text-align:left;width:100%;border-spacing:0px; padding:3px 3px 3px 3px""> <tr> <td>Name</td> <td>Union City</td> </tr> <tr bgcolor=""#D4E4F3""> <td>Street</td> <td>10 Union Square</td> </tr> <tr> <td>City</td> <td>Union City</td> </tr> <tr bgcolor=""#D4E4F3""> <td>Public URL</td> <td><a target=""_blank"" href=""https://www.bart.gov/stations/ucty"">https://www.bart.gov/stations/ucty</a></td> </tr> </table> </td> </tr> </table> </body><script type=""text/javascript""> function changeImage(attElement, nameElement) { document.getElementById('imageAttachment').src = attElement; document.getElementById('imageName').innerHTML = nameElement;} </script></html>",POINT Z (-122.0172560140018 37.59073431646975 0)
West Dublin/Pleasanton,"<html xmlns:fo=""http://www.w3.org/1999/XSL/Format"" xmlns:msxsl=""urn:schemas-microsoft-com:xslt""> <head> <META http-equiv=""Content-Type"" content=""text/html""> <meta http-equiv=""content-type"" content=""text/html; charset=UTF-8""> </head> <body style=""margin:0px 0px 0px 0px;overflow:auto;background:#FFFFFF;""> <table style=""font-family:Arial,Verdana,Times;font-size:12px;text-align:left;width:100%;border-collapse:collapse;padding:3px 3px 3px 3px""> <tr style=""text-align:center;font-weight:bold;background:#9CBCE2""> <td>West Dublin/Pleasanton</td> </tr> <tr> <td> <table style=""font-family:Arial,Verdana,Times;font-size:12px;text-align:left;width:100%;border-spacing:0px; padding:3px 3px 3px 3px""> <tr> <td>Name</td> <td>West Dublin/Pleasanton</td> </tr> <tr bgcolor=""#D4E4F3""> <td>Street</td> <td>6501 Golden Gate Drive</td> </tr> <tr> <td>City</td> <td>Dublin</td> </tr> <tr bgcolor=""#D4E4F3""> <td>Public URL</td> <td><a target=""_blank"" href=""https://www.bart.gov/stations/wdub"">https://www.bart.gov/stations/wdub</a></td> </tr> </table> </td> </tr> </table> </body><script type=""text/javascript""> function changeImage(attElement, nameElement) { document.getElementById('imageAttachment').src = attElement; document.getElementById('imageName').innerHTML = nameElement;} </script></html>",POINT Z (-121.9280770983018 37.69975069922058 0)
Millbrae,"<html xmlns:fo=""http://www.w3.org/1999/XSL/Format"" xmlns:msxsl=""urn:schemas-microsoft-com:xslt""> <head> <META http-equiv=""Content-Type"" content=""text/html""> <meta http-equiv=""content-type"" content=""text/html; charset=UTF-8""> </head> <body style=""margin:0px 0px 0px 0px;overflow:auto;background:#FFFFFF;""> <table style=""font-family:Arial,Verdana,Times;font-size:12px;text-align:left;width:100%;border-collapse:collapse;padding:3px 3px 3px 3px""> <tr style=""text-align:center;font-weight:bold;background:#9CBCE2""> <td>Millbrae</td> </tr> <tr> <td> <table style=""font-family:Arial,Verdana,Times;font-size:12px;text-align:left;width:100%;border-spacing:0px; padding:3px 3px 3px 3px""> <tr> <td>Name</td> <td>Millbrae</td> </tr> <tr bgcolor=""#D4E4F3""> <td>Street</td> <td>200 North Rollins Road</td> </tr> <tr> <td>City</td> <td>Millbrae, CA 94030</td> </tr> <tr bgcolor=""#D4E4F3""> <td>Public URL</td> <td><a target=""_blank"" href=""https://www.bart.gov/stations/mlbr"">https://www.bart.gov/stations/mlbr</a></td> </tr> </table> </td> </tr> </table> </body><script type=""text/javascript""> function changeImage(attElement, nameElement) { document.getElementById('imageAttachment').src = attElement; document.getElementById('imageName').innerHTML = nameElement;} </script></html>",POINT Z (-122.3868504992541 37.6001940991035 0)
Montgomery St,"<html xmlns:fo=""http://www.w3.org/1999/XSL/Format"" xmlns:msxsl=""urn:schemas-microsoft-com:xslt""> <head> <META http-equiv=""Content-Type"" content=""text/html""> <meta http-equiv=""content-type"" content=""text/html; charset=UTF-8""> </head> <body style=""margin:0px 0px 0px 0px;overflow:auto;background:#FFFFFF;""> <table style=""font-family:Arial,Verdana,Times;font-size:12px;text-align:left;width:100%;border-collapse:collapse;padding:3px 3px 3px 3px""> <tr style=""text-align:center;font-weight:bold;background:#9CBCE2""> <td>Montgomery St</td> </tr> <tr> <td> <table style=""font-family:Arial,Verdana,Times;font-size:12px;text-align:left;width:100%;border-spacing:0px; padding:3px 3px 3px 3px""> <tr> <td>Name</td> <td>Montgomery St</td> </tr> <tr bgcolor=""#D4E4F3""> <td>Street</td> <td>598 Market St</td> </tr> <tr> <td>City</td> <td>San Francisco</td> </tr> <tr bgcolor=""#D4E4F3""> <td>Public URL</td> <td><a target=""_blank"" href=""https://www.bart.gov/stations/mont"">https://www.bart.gov/stations/mont</a></td> </tr> </table> </td> </tr> </table> </body><script type=""text/javascript""> function changeImage(attElement, nameElement) { document.getElementById('imageAttachment').src = attElement; document.getElementById('imageName').innerHTML = nameElement;} </script></html>",POINT Z (-122.4011747105981 37.78944952039284 0)
Dublin/Pleasanton,"<html xmlns:fo=""http://www.w3.org/1999/XSL/Format"" xmlns:msxsl=""urn:schemas-microsoft-com:xslt""> <head> <META http-equiv=""Content-Type"" content=""text/html""> <meta http-equiv=""content-type"" content=""text/html; charset=UTF-8""> </head> <body style=""margin:0px 0px 0px 0px;overflow:auto;background:#FFFFFF;""> <table style=""font-family:Arial,Verdana,Times;font-size:12px;text-align:left;width:100%;border-collapse:collapse;padding:3px 3px 3px 3px""> <tr style=""text-align:center;font-weight:bold;background:#9CBCE2""> <td>Dublin/Pleasanton</td> </tr> <tr> <td> <table style=""font-family:Arial,Verdana,Times;font-size:12px;text-align:left;width:100%;border-spacing:0px; padding:3px 3px 3px 3px""> <tr> <td>Name</td> <td>Dublin/Pleasanton</td> </tr> <tr bgcolor=""#D4E4F3""> <td>Street</td> <td>5801 Owens Dr.</td> </tr> <tr> <td>City</td> <td>Pleasanton, CA 94588</td> </tr> <tr bgcolor=""#D4E4F3""> <td>Public URL</td> <td><a target=""_blank"" href=""https://www.bart.gov/stations/dubl"">https://www.bart.gov/stations/dubl</a></td> </tr> </table> </td> </tr> </table> </body><script type=""text/javascript""> function changeImage(attElement, nameElement) { document.getElementById('imageAttachment').src = attElement; document.getElementById('imageName').innerHTML = nameElement;} </script></html>",POINT Z (-121.8990739680308 37.70168178489018 0)
Lake Merritt,"<html xmlns:fo=""http://www.w3.org/1999/XSL/Format"" xmlns:msxsl=""urn:schemas-microsoft-com:xslt""> <head> <META http-equiv=""Content-Type"" content=""text/html""> <meta http-equiv=""content-type"" content=""text/html; charset=UTF-8""> </head> <body style=""margin:0px 0px 0px 0px;overflow:auto;background:#FFFFFF;""> <table style=""font-family:Arial,Verdana,Times;font-size:12px;text-align:left;width:100%;border-collapse:collapse;padding:3px 3px 3px 3px""> <tr style=""text-align:center;font-weight:bold;background:#9CBCE2""> <td>Lake Merritt</td> </tr> <tr> <td> <table style=""font-family:Arial,Verdana,Times;font-size:12px;text-align:left;width:100%;border-spacing:0px; padding:3px 3px 3px 3px""> <tr> <td>Name</td> <td>Lake Merritt</td> </tr> <tr bgcolor=""#D4E4F3""> <td>Street</td> <td>800 Madison Street</td> </tr> <tr> <td>City</td> <td>Oakland</td> </tr> <tr bgcolor=""#D4E4F3""> <td>Public URL</td> <td><a target=""_blank"" href=""https://www.bart.gov/stations/lake"">https://www.bart.gov/stations/lake</a></td> </tr> </table> </td> </tr> </table> </body><script type=""text/javascript""> function changeImage(attElement, nameElement) { document.getElementById('imageAttachment').src = attElement; document.getElementById('imageName').innerHTML = nameElement;} </script></html>",POINT Z (-122.2652268340203 37.79729295255638 0)
Pleasant Hill/Contra Costa Centre,"<html xmlns:fo=""http://www.w3.org/1999/XSL/Format"" xmlns:msxsl=""urn:schemas-microsoft-com:xslt""> <head> <META http-equiv=""Content-Type"" content=""text/html""> <meta http-equiv=""content-type"" content=""text/html; charset=UTF-8""> </head> <body style=""margin:0px 0px 0px 0px;overflow:auto;background:#FFFFFF;""> <table style=""font-family:Arial,Verdana,Times;font-size:12px;text-align:left;width:100%;border-collapse:collapse;padding:3px 3px 3px 3px""> <tr style=""text-align:center;font-weight:bold;background:#9CBCE2""> <td>Pleasant Hill/Contra Costa Centre</td> </tr> <tr> <td> <table style=""font-family:Arial,Verdana,Times;font-size:12px;text-align:left;width:100%;border-spacing:0px; padding:3px 3px 3px 3px""> <tr> <td>Name</td> <td>Pleasant Hill/Contra Costa Centre</td> </tr> <tr bgcolor=""#D4E4F3""> <td>Street</td> <td>1365 Treat Blvd</td> </tr> <tr> <td>City</td> <td>Walnut Creek</td> </tr> <tr bgcolor=""#D4E4F3""> <td>Public URL</td> <td><a target=""_blank"" href=""https://www.bart.gov/stations/phil"">https://www.bart.gov/stations/phil</a></td> </tr> </table> </td> </tr> </table> </body><script type=""text/javascript""> function changeImage(attElement, nameElement) { document.getElementById('imageAttachment').src = attElement; document.getElementById('imageName').innerHTML = nameElement;} </script></html>",POINT Z (-122.0559783959091 37.92844179596903 0)
MacArthur,"<html xmlns:fo=""http://www.w3.org/1999/XSL/Format"" xmlns:msxsl=""urn:schemas-microsoft-com:xslt""> <head> <META http-equiv=""Content-Type"" content=""text/html""> <meta http-equiv=""content-type"" content=""text/html; charset=UTF-8""> </head> <body style=""margin:0px 0px 0px 0px;overflow:auto;background:#FFFFFF;""> <table style=""font-family:Arial,Verdana,Times;font-size:12px;text-align:left;width:100%;border-collapse:collapse;padding:3px 3px 3px 3px""> <tr style=""text-align:center;font-weight:bold;background:#9CBCE2""> <td>MacArthur</td> </tr> <tr> <td> <table style=""font-family:Arial,Verdana,Times;font-size:12px;text-align:left;width:100%;border-spacing:0px; padding:3px 3px 3px 3px""> <tr> <td>Name</td> <td>MacArthur</td> </tr> <tr bgcolor=""#D4E4F3""> <td>Street</td> <td>555 40th Street</td> </tr> <tr> <td>City</td> <td>Oakland</td> </tr> <tr bgcolor=""#D4E4F3""> <td>Public URL</td> <td><a target=""_blank"" href=""https://www.bart.gov/stations/mcar"">https://www.bart.gov/stations/mcar</a></td> </tr> </table> </td> </tr> </table> </body><script type=""text/javascript""> function changeImage(attElement, nameElement) { document.getElementById('imageAttachment').src = attElement; document.getElementById('imageName').innerHTML = nameElement;} </script></html>",POINT Z (-122.2670634889681 37.82908330072793 0)
Powell St,"<html xmlns:fo=""http://www.w3.org/1999/XSL/Format"" xmlns:msxsl=""urn:schemas-microsoft-com:xslt""> <head> <META http-equiv=""Content-Type"" content=""text/html""> <meta http-equiv=""content-type"" content=""text/html; charset=UTF-8""> </head> <body style=""margin:0px 0px 0px 0px;overflow:auto;background:#FFFFFF;""> <table style=""font-family:Arial,Verdana,Times;font-size:12px;text-align:left;width:100%;border-collapse:collapse;padding:3px 3px 3px 3px""> <tr style=""text-align:center;font-weight:bold;background:#9CBCE2""> <td>Powell St</td> </tr> <tr> <td> <table style=""font-family:Arial,Verdana,Times;font-size:12px;text-align:left;width:100%;border-spacing:0px; padding:3px 3px 3px 3px""> <tr> <td>Name</td> <td>Powell St</td> </tr> <tr bgcolor=""#D4E4F3""> <td>Street</td> <td>899 Market St</td> </tr> <tr> <td>City</td> <td>San Francisco</td> </tr> <tr bgcolor=""#D4E4F3""> <td>Public URL</td> <td><a target=""_blank"" href=""https://www.bart.gov/stations/powl"">https://www.bart.gov/stations/powl</a></td> </tr> </table> </td> </tr> </table> </body><script type=""text/javascript""> function changeImage(attElement, nameElement) { document.getElementById('imageAttachment').src = attElement; document.getElementById('imageName').innerHTML = nameElement;} </script></html>",POINT Z (-122.4070176588271 37.78487089662774 0)
Richmond,"<html xmlns:fo=""http://www.w3.org/1999/XSL/Format"" xmlns:msxsl=""urn:schemas-microsoft-com:xslt""> <head> <META http-equiv=""Content-Type"" content=""text/html""> <meta http-equiv=""content-type"" content=""text/html; charset=UTF-8""> </head> <body style=""margin:0px 0px 0px 0px;overflow:auto;background:#FFFFFF;""> <table style=""font-family:Arial,Verdana,Times;font-size:12px;text-align:left;width:100%;border-collapse:collapse;padding:3px 3px 3px 3px""> <tr style=""text-align:center;font-weight:bold;background:#9CBCE2""> <td>Richmond</td> </tr> <tr> <td> <table style=""font-family:Arial,Verdana,Times;font-size:12px;text-align:left;width:100%;border-spacing:0px; padding:3px 3px 3px 3px""> <tr> <td>Name</td> <td>Richmond</td> </tr> <tr bgcolor=""#D4E4F3""> <td>Street</td> <td>1700 Nevin Ave</td> </tr> <tr> <td>City</td> <td>Richmond, CA 94801</td> </tr> <tr bgcolor=""#D4E4F3""> <td>Public URL</td> <td><a target=""_blank"" href=""https://www.bart.gov/stations/rich"">https://www.bart.gov/stations/rich</a></td> </tr> </table> </td> </tr> </table> </body><script type=""text/javascript""> function changeImage(attElement, nameElement) { document.getElementById('imageAttachment').src = attElement; document.getElementById('imageName').innerHTML = nameElement;} </script></html>",POINT Z (-122.3530605158744 37.936749886958 0)
Rockridge,"<html xmlns:fo=""http://www.w3.org/1999/XSL/Format"" xmlns:msxsl=""urn:schemas-microsoft-com:xslt""> <head> <META http-equiv=""Content-Type"" content=""text/html""> <meta http-equiv=""content-type"" content=""text/html; charset=UTF-8""> </head> <body style=""margin:0px 0px 0px 0px;overflow:auto;background:#FFFFFF;""> <table style=""font-family:Arial,Verdana,Times;font-size:12px;text-align:left;width:100%;border-collapse:collapse;padding:3px 3px 3px 3px""> <tr style=""text-align:center;font-weight:bold;background:#9CBCE2""> <td>Rockridge</td> </tr> <tr> <td> <table style=""font-family:Arial,Verdana,Times;font-size:12px;text-align:left;width:100%;border-spacing:0px; padding:3px 3px 3px 3px""> <tr> <td>Name</td> <td>Rockridge</td> </tr> <tr bgcolor=""#D4E4F3""> <td>Street</td> <td>5660 College Avenue</td> </tr> <tr> <td>City</td> <td>Oakland</td> </tr> <tr bgcolor=""#D4E4F3""> <td>Public URL</td> <td><a target=""_blank"" href=""https://www.bart.gov/stations/rock"">https://www.bart.gov/stations/rock</a></td> </tr> </table> </td> </tr> </table> </body><script type=""text/javascript""> function changeImage(attElement, nameElement) { document.getElementById('imageAttachment').src = attElement; document.getElementById('imageName').innerHTML = nameElement;} </script></html>",POINT Z (-122.2513146330438 37.84473931018144 0)
San Francisco International Airport,"<html xmlns:fo=""http://www.w3.org/1999/XSL/Format"" xmlns:msxsl=""urn:schemas-microsoft-com:xslt""> <head> <META http-equiv=""Content-Type"" content=""text/html""> <meta http-equiv=""content-type"" content=""text/html; charset=UTF-8""> </head> <body style=""margin:0px 0px 0px 0px;overflow:auto;background:#FFFFFF;""> <table style=""font-family:Arial,Verdana,Times;font-size:12px;text-align:left;width:100%;border-collapse:collapse;padding:3px 3px 3px 3px""> <tr style=""text-align:center;font-weight:bold;background:#9CBCE2""> <td>San Francisco International Airport</td> </tr> <tr> <td> <table style=""font-family:Arial,Verdana,Times;font-size:12px;text-align:left;width:100%;border-spacing:0px; padding:3px 3px 3px 3px""> <tr> <td>Name</td> <td>San Francisco International Airport</td> </tr> <tr bgcolor=""#D4E4F3""> <td>Street</td> <td>497 North Link Rd Concourse H 3rd Level</td> </tr> <tr> <td>City</td> <td>San Francisco International Airport</td> </tr> <tr bgcolor=""#D4E4F3""> <td>Public URL</td> <td><a target=""_blank"" href=""https://www.bart.gov/stations/sfia"">https://www.bart.gov/stations/sfia</a></td> </tr> </table> </td> </tr> </table> </body><script type=""text/javascript""> function changeImage(attElement, nameElement) { document.getElementById('imageAttachment').src = attElement; document.getElementById('imageName').innerHTML = nameElement;} </script></html>",POINT Z (-122.3924140752074 37.61599767962682 0)
Embarcadero,"<html xmlns:fo=""http://www.w3.org/1999/XSL/Format"" xmlns:msxsl=""urn:schemas-microsoft-com:xslt""> <head> <META http-equiv=""Content-Type"" content=""text/html""> <meta http-equiv=""content-type"" content=""text/html; charset=UTF-8""> </head> <body style=""margin:0px 0px 0px 0px;overflow:auto;background:#FFFFFF;""> <table style=""font-family:Arial,Verdana,Times;font-size:12px;text-align:left;width:100%;border-collapse:collapse;padding:3px 3px 3px 3px""> <tr style=""text-align:center;font-weight:bold;background:#9CBCE2""> <td>Embarcadero</td> </tr> <tr> <td> <table style=""font-family:Arial,Verdana,Times;font-size:12px;text-align:left;width:100%;border-spacing:0px; padding:3px 3px 3px 3px""> <tr> <td>Name</td> <td>Embarcadero</td> </tr> <tr bgcolor=""#D4E4F3""> <td>Street</td> <td>298 Market St</td> </tr> <tr> <td>City</td> <td>San Francisco</td> </tr> <tr bgcolor=""#D4E4F3""> <td>Public URL</td> <td><a target=""_blank"" href=""https://www.bart.gov/stations/embr"">https://www.bart.gov/stations/embr</a></td> </tr> </table> </td> </tr> </table> </body><script type=""text/javascript""> function changeImage(attElement, nameElement) { document.getElementById('imageAttachment').src = attElement; document.getElementById('imageName').innerHTML = nameElement;} </script></html>",POINT Z (-122.3969009943399 37.79285391372556 0)
Pittsburg/Bay Point,"<html xmlns:fo=""http://www.w3.org/1999/XSL/Format"" xmlns:msxsl=""urn:schemas-microsoft-com:xslt""> <head> <META http-equiv=""Content-Type"" content=""text/html""> <meta http-equiv=""content-type"" content=""text/html; charset=UTF-8""> </head> <body style=""margin:0px 0px 0px 0px;overflow:auto;background:#FFFFFF;""> <table style=""font-family:Arial,Verdana,Times;font-size:12px;text-align:left;width:100%;border-collapse:collapse;padding:3px 3px 3px 3px""> <tr style=""text-align:center;font-weight:bold;background:#9CBCE2""> <td>Pittsburg/Bay Point</td> </tr> <tr> <td> <table style=""font-family:Arial,Verdana,Times;font-size:12px;text-align:left;width:100%;border-spacing:0px; padding:3px 3px 3px 3px""> <tr> <td>Name</td> <td>Pittsburg/Bay Point</td> </tr> <tr bgcolor=""#D4E4F3""> <td>Street</td> <td>1700 West Leland Road</td> </tr> <tr> <td>City</td> <td>Bay Point</td> </tr> <tr bgcolor=""#D4E4F3""> <td>Public URL</td> <td><a target=""_blank"" href=""https://www.bart.gov/stations/pitt"">https://www.bart.gov/stations/pitt</a></td> </tr> </table> </td> </tr> </table> </body><script type=""text/javascript""> function changeImage(attElement, nameElement) { document.getElementById('imageAttachment').src = attElement; document.getElementById('imageName').innerHTML = nameElement;} </script></html>",POINT Z (-121.9439800963829 38.01891419708769 0)
Castro Valley,"<html xmlns:fo=""http://www.w3.org/1999/XSL/Format"" xmlns:msxsl=""urn:schemas-microsoft-com:xslt""> <head> <META http-equiv=""Content-Type"" content=""text/html""> <meta http-equiv=""content-type"" content=""text/html; charset=UTF-8""> </head> <body style=""margin:0px 0px 0px 0px;overflow:auto;background:#FFFFFF;""> <table style=""font-family:Arial,Verdana,Times;font-size:12px;text-align:left;width:100%;border-collapse:collapse;padding:3px 3px 3px 3px""> <tr style=""text-align:center;font-weight:bold;background:#9CBCE2""> <td>Castro Valley</td> </tr> <tr> <td> <table style=""font-family:Arial,Verdana,Times;font-size:12px;text-align:left;width:100%;border-spacing:0px; padding:3px 3px 3px 3px""> <tr> <td>Name</td> <td>Castro Valley</td> </tr> <tr bgcolor=""#D4E4F3""> <td>Street</td> <td>3301 Norbridge Ave</td> </tr> <tr> <td>City</td> <td>Castro Valley</td> </tr> <tr bgcolor=""#D4E4F3""> <td>Public URL</td> <td><a target=""_blank"" href=""https://www.bart.gov/stations/cast"">https://www.bart.gov/stations/cast</a></td> </tr> </table> </td> </tr> </table> </body><script type=""text/javascript""> function changeImage(attElement, nameElement) { document.getElementById('imageAttachment').src = attElement; document.getElementById('imageName').innerHTML = nameElement;} </script></html>",POINT Z (-122.0756066931697 37.69074797609723 0)
Lafayette,"<html xmlns:fo=""http://www.w3.org/1999/XSL/Format"" xmlns:msxsl=""urn:schemas-microsoft-com:xslt""> <head> <META http-equiv=""Content-Type"" content=""text/html""> <meta http-equiv=""content-type"" content=""text/html; charset=UTF-8""> </head> <body style=""margin:0px 0px 0px 0px;overflow:auto;background:#FFFFFF;""> <table style=""font-family:Arial,Verdana,Times;font-size:12px;text-align:left;width:100%;border-collapse:collapse;padding:3px 3px 3px 3px""> <tr style=""text-align:center;font-weight:bold;background:#9CBCE2""> <td>Lafayette</td> </tr> <tr> <td> <table style=""font-family:Arial,Verdana,Times;font-size:12px;text-align:left;width:100%;border-spacing:0px; padding:3px 3px 3px 3px""> <tr> <td>Name</td> <td>Lafayette</td> </tr> <tr bgcolor=""#D4E4F3""> <td>Street</td> <td>3601 Deer Hill Road</td> </tr> <tr> <td>City</td> <td>Lafayette</td> </tr> <tr bgcolor=""#D4E4F3""> <td>Public URL</td> <td><a target=""_blank"" href=""https://www.bart.gov/stations/lafy"">https://www.bart.gov/stations/lafy</a></td> </tr> </table> </td> </tr> </table> </body><script type=""text/javascript""> function changeImage(attElement, nameElement) { document.getElementById('imageAttachment').src = attElement; document.getElementById('imageName').innerHTML = nameElement;} </script></html>",POINT Z (-122.1246473347906 37.89318568337649 0)
South San Francisco,"<html xmlns:fo=""http://www.w3.org/1999/XSL/Format"" xmlns:msxsl=""urn:schemas-microsoft-com:xslt""> <head> <META http-equiv=""Content-Type"" content=""text/html""> <meta http-equiv=""content-type"" content=""text/html; charset=UTF-8""> </head> <body style=""margin:0px 0px 0px 0px;overflow:auto;background:#FFFFFF;""> <table style=""font-family:Arial,Verdana,Times;font-size:12px;text-align:left;width:100%;border-collapse:collapse;padding:3px 3px 3px 3px""> <tr style=""text-align:center;font-weight:bold;background:#9CBCE2""> <td>South San Francisco</td> </tr> <tr> <td> <table style=""font-family:Arial,Verdana,Times;font-size:12px;text-align:left;width:100%;border-spacing:0px; padding:3px 3px 3px 3px""> <tr> <td>Name</td> <td>South San Francisco</td> </tr> <tr bgcolor=""#D4E4F3""> <td>Street</td> <td>1333 Mission Rd</td> </tr> <tr> <td>City</td> <td>South San Francisco</td> </tr> <tr bgcolor=""#D4E4F3""> <td>Public URL</td> <td><a target=""_blank"" href=""https://www.bart.gov/stations/ssan"">https://www.bart.gov/stations/ssan</a></td> </tr> </table> </td> </tr> </table> </body><script type=""text/javascript""> function changeImage(attElement, nameElement) { document.getElementById('imageAttachment').src = attElement; document.getElementById('imageName').innerHTML = nameElement;} </script></html>",POINT Z (-122.4439776627616 37.66421053890029 0)
19th St/Oakland,"<html xmlns:fo=""http://www.w3.org/1999/XSL/Format"" xmlns:msxsl=""urn:schemas-microsoft-com:xslt""> <head> <META http-equiv=""Content-Type"" content=""text/html""> <meta http-equiv=""content-type"" content=""text/html; charset=UTF-8""> </head> <body style=""margin:0px 0px 0px 0px;overflow:auto;background:#FFFFFF;""> <table style=""font-family:Arial,Verdana,Times;font-size:12px;text-align:left;width:100%;border-collapse:collapse;padding:3px 3px 3px 3px""> <tr style=""text-align:center;font-weight:bold;background:#9CBCE2""> <td>19th St/Oakland</td> </tr> <tr> <td> <table style=""font-family:Arial,Verdana,Times;font-size:12px;text-align:left;width:100%;border-spacing:0px; padding:3px 3px 3px 3px""> <tr> <td>Name</td> <td>19th St/Oakland</td> </tr> <tr bgcolor=""#D4E4F3""> <td>Street</td> <td>1900 Broadway</td> </tr> <tr> <td>City</td> <td>Oakland</td> </tr> <tr bgcolor=""#D4E4F3""> <td>Public URL</td> <td><a target=""_blank"" href=""https://www.bart.gov/stations/19th"">https://www.bart.gov/stations/19th</a></td> </tr> </table> </td> </tr> </table> </body><script type=""text/javascript""> function changeImage(attElement, nameElement) { document.getElementById('imageAttachment').src = attElement; document.getElementById('imageName').innerHTML = nameElement;} </script></html>",POINT Z (-122.2686539732402 37.80849328724768 0)
Ashby,"<html xmlns:fo=""http://www.w3.org/1999/XSL/Format"" xmlns:msxsl=""urn:schemas-microsoft-com:xslt""> <head> <META http-equiv=""Content-Type"" content=""text/html""> <meta http-equiv=""content-type"" content=""text/html; charset=UTF-8""> </head> <body style=""margin:0px 0px 0px 0px;overflow:auto;background:#FFFFFF;""> <table style=""font-family:Arial,Verdana,Times;font-size:12px;text-align:left;width:100%;border-collapse:collapse;padding:3px 3px 3px 3px""> <tr style=""text-align:center;font-weight:bold;background:#9CBCE2""> <td>Ashby</td> </tr> <tr> <td> <table style=""font-family:Arial,Verdana,Times;font-size:12px;text-align:left;width:100%;border-spacing:0px; padding:3px 3px 3px 3px""> <tr> <td>Name</td> <td>Ashby</td> </tr> <tr bgcolor=""#D4E4F3""> <td>Street</td> <td>3100 Adeline Street</td> </tr> <tr> <td>City</td> <td>Berkeley</td> </tr> <tr bgcolor=""#D4E4F3""> <td>Public URL</td> <td><a target=""_blank"" href=""https://www.bart.gov/stations/ashb"">https://www.bart.gov/stations/ashb</a></td> </tr> </table> </td> </tr> </table> </body><script type=""text/javascript""> function changeImage(attElement, nameElement) { document.getElementById('imageAttachment').src = attElement; document.getElementById('imageName').innerHTML = nameElement;} </script></html>",POINT Z (-122.2699939627479 37.85257465083495 0)
Fruitvale,"<html xmlns:fo=""http://www.w3.org/1999/XSL/Format"" xmlns:msxsl=""urn:schemas-microsoft-com:xslt""> <head> <META http-equiv=""Content-Type"" content=""text/html""> <meta http-equiv=""content-type"" content=""text/html; charset=UTF-8""> </head> <body style=""margin:0px 0px 0px 0px;overflow:auto;background:#FFFFFF;""> <table style=""font-family:Arial,Verdana,Times;font-size:12px;text-align:left;width:100%;border-collapse:collapse;padding:3px 3px 3px 3px""> <tr style=""text-align:center;font-weight:bold;background:#9CBCE2""> <td>Fruitvale</td> </tr> <tr> <td> <table style=""font-family:Arial,Verdana,Times;font-size:12px;text-align:left;width:100%;border-spacing:0px; padding:3px 3px 3px 3px""> <tr> <td>Name</td> <td>Fruitvale</td> </tr> <tr bgcolor=""#D4E4F3""> <td>Street</td> <td>3401 East 12th Street</td> </tr> <tr> <td>City</td> <td>Oakland</td> </tr> <tr bgcolor=""#D4E4F3""> <td>Public URL</td> <td><a target=""_blank"" href=""https://www.bart.gov/stations/ftvl"">https://www.bart.gov/stations/ftvl</a></td> </tr> </table> </td> </tr> </table> </body><script type=""text/javascript""> function changeImage(attElement, nameElement) { document.getElementById('imageAttachment').src = attElement; document.getElementById('imageName').innerHTML = nameElement;} </script></html>",POINT Z (-122.224179418194 37.7748944568354 0)
Oakland International Airport,"<html xmlns:fo=""http://www.w3.org/1999/XSL/Format"" xmlns:msxsl=""urn:schemas-microsoft-com:xslt""> <head> <META http-equiv=""Content-Type"" content=""text/html""> <meta http-equiv=""content-type"" content=""text/html; charset=UTF-8""> </head> <body style=""margin:0px 0px 0px 0px;overflow:auto;background:#FFFFFF;""> <table style=""font-family:Arial,Verdana,Times;font-size:12px;text-align:left;width:100%;border-collapse:collapse;padding:3px 3px 3px 3px""> <tr style=""text-align:center;font-weight:bold;background:#9CBCE2""> <td>Oakland International Airport</td> </tr> <tr> <td> <table style=""font-family:Arial,Verdana,Times;font-size:12px;text-align:left;width:100%;border-spacing:0px; padding:3px 3px 3px 3px""> <tr> <td>Name</td> <td>Oakland International Airport</td> </tr> <tr bgcolor=""#D4E4F3""> <td>Street</td> <td>4 Airport Drive</td> </tr> <tr> <td>City</td> <td>Oakland</td> </tr> <tr bgcolor=""#D4E4F3""> <td>Public URL</td> <td><a target=""_blank"" href=""https://www.bart.gov/stations/oakl"">https://www.bart.gov/stations/oakl</a></td> </tr> </table> </td> </tr> </table> </body><script type=""text/javascript""> function changeImage(attElement, nameElement) { document.getElementById('imageAttachment').src = attElement; document.getElementById('imageName').innerHTML = nameElement;} </script></html>",POINT Z (-122.2124401712403 37.71297181882012 0)
Warm Springs/South Fremont,"<html xmlns:fo=""http://www.w3.org/1999/XSL/Format"" xmlns:msxsl=""urn:schemas-microsoft-com:xslt""> <head> <META http-equiv=""Content-Type"" content=""text/html""> <meta http-equiv=""content-type"" content=""text/html; charset=UTF-8""> </head> <body style=""margin:0px 0px 0px 0px;overflow:auto;background:#FFFFFF;""> <table style=""font-family:Arial,Verdana,Times;font-size:12px;text-align:left;width:100%;border-collapse:collapse;padding:3px 3px 3px 3px""> <tr style=""text-align:center;font-weight:bold;background:#9CBCE2""> <td>Warm Springs/South Fremont</td> </tr> <tr> <td> <table style=""font-family:Arial,Verdana,Times;font-size:12px;text-align:left;width:100%;border-spacing:0px; padding:3px 3px 3px 3px""> <tr> <td>Name</td> <td>Warm Springs/South Fremont</td> </tr> <tr bgcolor=""#D4E4F3""> <td>Street</td> <td>45193 Warm Springs Blvd</td> </tr> <tr> <td>City</td> <td>Fremont, CA 94539</td> </tr> <tr bgcolor=""#D4E4F3""> <td>Public URL</td> <td><a target=""_blank"" href=""https://www.bart.gov/stations/warm"">https://www.bart.gov/stations/warm</a></td> </tr> </table> </td> </tr> </table> </body><script type=""text/javascript""> function changeImage(attElement, nameElement) { document.getElementById('imageAttachment').src = attElement; document.getElementById('imageName').innerHTML = nameElement;} </script></html>",POINT Z (-121.9394330281567 37.5023349701207 0)
Coliseum/Airport Connector,"<html xmlns:fo=""http://www.w3.org/1999/XSL/Format"" xmlns:msxsl=""urn:schemas-microsoft-com:xslt""> <head> <META http-equiv=""Content-Type"" content=""text/html""> <meta http-equiv=""content-type"" content=""text/html; charset=UTF-8""> </head> <body style=""margin:0px 0px 0px 0px;overflow:auto;background:#FFFFFF;""> <table style=""font-family:Arial,Verdana,Times;font-size:12px;text-align:left;width:100%;border-collapse:collapse;padding:3px 3px 3px 3px""> <tr style=""text-align:center;font-weight:bold;background:#9CBCE2""> <td>Coliseum/Airport Connector</td> </tr> <tr> <td> <table style=""font-family:Arial,Verdana,Times;font-size:12px;text-align:left;width:100%;border-spacing:0px; padding:3px 3px 3px 3px""> <tr> <td>Name</td> <td>Coliseum/Airport Connector</td> </tr> <tr bgcolor=""#D4E4F3""> <td>Street</td> <td>7200 San Leandro Street</td> </tr> <tr> <td>City</td> <td>Oakland</td> </tr> <tr bgcolor=""#D4E4F3""> <td>Public URL</td> <td><a target=""_blank"" href=""https://www.bart.gov/stations/oakl"">https://www.bart.gov/stations/oakl</a></td> </tr> </table> </td> </tr> </table> </body><script type=""text/javascript""> function changeImage(attElement, nameElement) { document.getElementById('imageAttachment').src = attElement; document.getElementById('imageName').innerHTML = nameElement;} </script></html>",POINT Z (-122.1961830183375 37.75230496505575 0)
eBART Transfer,"<html xmlns:fo=""http://www.w3.org/1999/XSL/Format"" xmlns:msxsl=""urn:schemas-microsoft-com:xslt""> <head> <META http-equiv=""Content-Type"" content=""text/html""> <meta http-equiv=""content-type"" content=""text/html; charset=UTF-8""> </head> <body style=""margin:0px 0px 0px 0px;overflow:auto;background:#FFFFFF;""> <table style=""font-family:Arial,Verdana,Times;font-size:12px;text-align:left;width:100%;border-collapse:collapse;padding:3px 3px 3px 3px""> <tr style=""text-align:center;font-weight:bold;background:#9CBCE2""> <td>eBART Transfer</td> </tr> <tr> <td> <table style=""font-family:Arial,Verdana,Times;font-size:12px;text-align:left;width:100%;border-spacing:0px; padding:3px 3px 3px 3px""> <tr> <td>Name</td> <td>eBART Transfer</td> </tr> <tr bgcolor=""#D4E4F3""> <td>Street</td> <td>600 Canal Road</td> </tr> <tr> <td>City</td> <td>Pittsburg</td> </tr> <tr bgcolor=""#D4E4F3""> <td>Public URL</td> <td><a target=""_blank"" href=""https://www.bart.gov/stations/pitt"">https://www.bart.gov/stations/pitt</a></td> </tr> </table> </td> </tr> </table> </body><script type=""text/javascript""> function changeImage(attElement, nameElement) { document.getElementById('imageAttachment').src = attElement; document.getElementById('imageName').innerHTML = nameElement;} </script></html>",POINT Z (-121.9328174472904 38.01893663101233 0)
Pittsburg Center,"<html xmlns:fo=""http://www.w3.org/1999/XSL/Format"" xmlns:msxsl=""urn:schemas-microsoft-com:xslt""> <head> <META http-equiv=""Content-Type"" content=""text/html""> <meta http-equiv=""content-type"" content=""text/html; charset=UTF-8""> </head> <body style=""margin:0px 0px 0px 0px;overflow:auto;background:#FFFFFF;""> <table style=""font-family:Arial,Verdana,Times;font-size:12px;text-align:left;width:100%;border-collapse:collapse;padding:3px 3px 3px 3px""> <tr style=""text-align:center;font-weight:bold;background:#9CBCE2""> <td>Pittsburg Center</td> </tr> <tr> <td> <table style=""font-family:Arial,Verdana,Times;font-size:12px;text-align:left;width:100%;border-spacing:0px; padding:3px 3px 3px 3px""> <tr> <td>Name</td> <td>Pittsburg Center</td> </tr> <tr bgcolor=""#D4E4F3""> <td>Street</td> <td>2099 Railroad Ave</td> </tr> <tr> <td>City</td> <td>Pittsburg</td> </tr> <tr bgcolor=""#D4E4F3""> <td>Public URL</td> <td><a target=""_blank"" href=""https://www.bart.gov/stations/pctr"">https://www.bart.gov/stations/pctr</a></td> </tr> </table> </td> </tr> </table> </body><script type=""text/javascript""> function changeImage(attElement, nameElement) { document.getElementById('imageAttachment').src = attElement; document.getElementById('imageName').innerHTML = nameElement;} </script></html>",POINT Z (-121.8894701561252 38.01694606342254 0)
Antioch,"<html xmlns:fo=""http://www.w3.org/1999/XSL/Format"" xmlns:msxsl=""urn:schemas-microsoft-com:xslt""> <head> <META http-equiv=""Content-Type"" content=""text/html""> <meta http-equiv=""content-type"" content=""text/html; charset=UTF-8""> </head> <body style=""margin:0px 0px 0px 0px;overflow:auto;background:#FFFFFF;""> <table style=""font-family:Arial,Verdana,Times;font-size:12px;text-align:left;width:100%;border-collapse:collapse;padding:3px 3px 3px 3px""> <tr style=""text-align:center;font-weight:bold;background:#9CBCE2""> <td>Antioch</td> </tr> <tr> <td> <table style=""font-family:Arial,Verdana,Times;font-size:12px;text-align:left;width:100%;border-spacing:0px; padding:3px 3px 3px 3px""> <tr> <td>Name</td> <td>Antioch</td> </tr> <tr bgcolor=""#D4E4F3""> <td>Street</td> <td>1600 Slatten Ranch Rd</td> </tr> <tr> <td>City</td> <td>Antioch</td> </tr> <tr bgcolor=""#D4E4F3""> <td>Public URL</td> <td><a target=""_blank"" href=""https://www.bart.gov/stations/antc"">https://www.bart.gov/stations/antc</a></td> </tr> </table> </td> </tr> </table> </body><script type=""text/javascript""> function changeImage(attElement, nameElement) { document.getElementById('imageAttachment').src = attElement; document.getElementById('imageName').innerHTML = nameElement;} </script></html>",POINT Z (-121.7804333645261 37.99539272912601 0)
eBART Transfer,"<html xmlns:fo=""http://www.w3.org/1999/XSL/Format"" xmlns:msxsl=""urn:schemas-microsoft-com:xslt""> <head> <META http-equiv=""Content-Type"" content=""text/html""> <meta http-equiv=""content-type"" content=""text/html; charset=UTF-8""> </head> <body style=""margin:0px 0px 0px 0px;overflow:auto;background:#FFFFFF;""> <table style=""font-family:Arial,Verdana,Times;font-size:12px;text-align:left;width:100%;border-collapse:collapse;padding:3px 3px 3px 3px""> <tr style=""text-align:center;font-weight:bold;background:#9CBCE2""> <td>eBART Transfer</td> </tr> <tr> <td> <table style=""font-family:Arial,Verdana,Times;font-size:12px;text-align:left;width:100%;border-spacing:0px; padding:3px 3px 3px 3px""> <tr> <td>Name</td> <td>eBART Transfer</td> </tr> <tr bgcolor=""#D4E4F3""> <td>Street</td> <td>600 Canal Road</td> </tr> <tr> <td>City</td> <td>Pittsburg</td> </tr> <tr bgcolor=""#D4E4F3""> <td>Public URL</td> <td>&lt;Null&gt;</td> </tr> </table> </td> </tr> </table> </body><script type=""text/javascript""> function changeImage(attElement, nameElement) { document.getElementById('imageAttachment').src = attElement; document.getElementById('imageName').innerHTML = nameElement;} </script></html>",POINT Z (-121.9328174472904 38.01893663101233 0)
